{
  "general": {
    "userAgentRegexes": [],
    "replaceStrings": [],
    "publicKey": "qjkpzz",
    "deviceRegKey": "be6d4nhaeuzkv69w28nfx42v3c",
    "appName": "Radio GAMING",
    "initialUrl": "http://radio-gaming.stream/",
    "screenOrientation": {
      "iphone": null,
      "ipad": null,
      "androidPhone": null,
      "androidTablet": null
    },
    "enableWindowOpen": true,
    "userAgentAdd": "median",
    "forceUserAgent": "",
    "iosUserAgentAdd": "median",
    "iosForceUserAgent": "",
    "androidUserAgentAdd": "median",
    "androidForceUserAgent": "",
    "languages": [],
    "nativeBridgeUrls": [],
    "iosBundleId": "co.median.ios.qjkpzz",
    "androidPackageName": "co.median.android.qjkpzz",
    "androidSigningKey": "release",
    "injectMedianJS": true,
    "iosCustomHeaders": {},
    "androidCustomHeaders": {},
    "version": 3
  },
  "navigation": {
    "ignorePageFinishedRegexes": [],
    "redirects": [],
    "iosPullToRefresh": true,
    "androidPullToRefresh": false,
    "iosConnectionOfflineTime": 10,
    "androidConnectionOfflineTime": 10,
    "regexInternalExternal": {
      "active": true,
      "rules": [
        {
          "mode": "external",
          "label": "Non-web links",
          "pagesToTrigger": "custom",
          "regex": "^(?!https?://).*"
        },
        {
          "mode": "appbrowser",
          "label": "Facebook",
          "pagesToTrigger": "custom",
          "regex": "https?://([-\\w]+\\.)*facebook\\.com.*"
        },
        {
          "mode": "appbrowser",
          "label": "Twitter",
          "pagesToTrigger": "custom",
          "regex": "https?://([-\\w]+\\.)*twitter\\.com/.*"
        },
        {
          "mode": "appbrowser",
          "label": "Instagram",
          "pagesToTrigger": "custom",
          "regex": "https?://([-\\w]+\\.)*instagram\\.com/.*"
        },
        {
          "mode": "appbrowser",
          "label": "Google Maps",
          "pagesToTrigger": "custom",
          "regex": "https?://maps\\.google\\.com.*"
        },
        {
          "mode": "appbrowser",
          "label": "Google Maps Search",
          "pagesToTrigger": "custom",
          "regex": "https?://([-\\w]+\\.)*google\\.com/maps/search/.*"
        },
        {
          "mode": "appbrowser",
          "label": "LinkedIn",
          "pagesToTrigger": "custom",
          "regex": "https?://([-\\w]+\\.)*linkedin\\.com/.*"
        },
        {
          "mode": "internal",
          "label": "All pages on my domain",
          "pagesToTrigger": "domain",
          "regex": "https?:\\/\\/([-\\w]+\\.)*radio-gaming.stream(\\/.*)?$"
        },
        {
          "mode": "appbrowser",
          "label": "All Other Links",
          "pagesToTrigger": "all",
          "regex": ".*"
        }
      ]
    },
    "deepLinkDomains": {
      "enableAndroidApplinks": false,
      "domains": []
    },
    "navigationTitles": {
      "active": true,
      "titles": []
    },
    "iosShowRefreshButton": false,
    "androidShowRefreshButton": false,
    "actionConfig": {
      "active": true,
      "actions": [],
      "actionSelection": []
    },
    "navigationLevels": {
      "active": true,
      "levels": []
    },
    "sidebarNavigation": {
      "menuSelectionConfig": {
        "redirectLocations": [
          {
            "regex": ".*",
            "menuName": "default",
            "loggedIn": true
          }
        ]
      },
      "menus": [
        {
          "active": false,
          "items": [
            {
              "url": "http://radio-gaming.stream/",
              "label": "Home",
              "subLinks": []
            },
            {
              "url": "http://radio-gaming.stream/inne/pages/download.html",
              "label": "Download app",
              "subLinks": []
            },
            {
              "url": "http://radio-gaming.stream/inne/pages/info.html",
              "label": "Info",
              "subLinks": []
            }
          ],
          "name": "default"
        }
      ]
    },
    "tabNavigation": {
      "active": false,
      "tabMenus": [],
      "tabSelectionConfig": []
    },
    "androidShowOfflinePage": true,
    "iosShowOfflinePage": true,
    "toolbarNavigation": {
      "enabled": false,
      "visibilityByPages": "allPages",
      "visibilityByBackButton": "backButtonActive",
      "regexes": [
        {
          "enabled": true,
          "regex": ".*"
        }
      ],
      "items": [
        {
          "system": "back",
          "titleType": "defaultText",
          "visibility": "allPages",
          "urlRegex": [
            {
              "enabled": true,
              "regex": ".*"
            }
          ]
        },
        {
          "system": "refresh",
          "enabled": false,
          "visibility": "allPages",
          "urlRegex": [
            {
              "enabled": true,
              "regex": ".*"
            }
          ]
        },
        {
          "system": "forward",
          "enabled": false,
          "titleType": "defaultText",
          "visibility": "allPages",
          "urlRegex": [
            {
              "enabled": true,
              "regex": ".*"
            }
          ]
        }
      ]
    },
    "maxWindows": {
      "enabled": false,
      "numWindows": 5,
      "autoClose": false
    },
    "iosSettings": {}
  },
  "styling": {
    "iosLaunchScreen": {
      "backgroundImage": "https://s3.amazonaws.com/gonativeio/app_files/qjkpzz/1710430676703_mh87005w4yzc6_444083_1_2x2.png",
      "backgroundImageDark": "https://s3.amazonaws.com/gonativeio/app_files/qjkpzz/1710430676718_cycd2vun6kzww_444083_1_2x2.png",
      "backgroundColor": "#444083",
      "backgroundColorDark": "#444083",
      "centerImage": "https://s3.amazonaws.com/gonativeio/app_files/qjkpzz/app_icon_ios_1710430546034.png",
      "centerImageDark": "https://s3.amazonaws.com/gonativeio/app_files/qjkpzz/app_icon_ios_1710430546034.png"
    },
    "transitionInteractiveDelayMax": 0.2,
    "menuAnimationDuration": 0.15,
    "iosTheme": "default",
    "androidLaunchImages": {
      "mdpi": "https://s3.amazonaws.com/gonativeio/app_files/qjkpzz/1710430677068_cedpf36ryr37y_180x180.png",
      "hdpi": "https://s3.amazonaws.com/gonativeio/app_files/qjkpzz/1710430677078_rdeq3ax48c6f4_270x270.png",
      "xhdpi": "https://s3.amazonaws.com/gonativeio/app_files/qjkpzz/1710430677090_d9m8jxuracrmm_360x360.png",
      "xxhdpi": "https://s3.amazonaws.com/gonativeio/app_files/qjkpzz/1710430677120_9dbvkgkgfe90p_540x540.png",
      "xxxhdpi": "https://s3.amazonaws.com/gonativeio/app_files/qjkpzz/1710430677130_xqe4v5rr9prtu_720x720.png"
    },
    "androidLaunchImagesDark": {
      "mdpi": "https://s3.amazonaws.com/gonativeio/app_files/qjkpzz/1710430677159_jcz2fevfb3her_180x180.png",
      "hdpi": "https://s3.amazonaws.com/gonativeio/app_files/qjkpzz/1710430677191_45mbmd76qegxu_270x270.png",
      "xhdpi": "https://s3.amazonaws.com/gonativeio/app_files/qjkpzz/1710430677233_6hyqj3f35vnx6_360x360.png",
      "xxhdpi": "https://s3.amazonaws.com/gonativeio/app_files/qjkpzz/1710430677284_kydatm8e7ca7e_540x540.png",
      "xxxhdpi": "https://s3.amazonaws.com/gonativeio/app_files/qjkpzz/1710430677316_mhpfc1p0reqt6_720x720.png"
    },
    "androidTabPressedBackgroundColor": "#CCCCCC",
    "androidTabPressedBackgroundColorDark": "#999999",
    "androidBackgroundColor": "#FFFFFF",
    "androidBackgroundColorDark": "#333333",
    "icon": "https://s3.amazonaws.com/gonativeio/app_files/qjkpzz/app_icon_ios_1710430546034.png",
    "iosIcon": "https://s3.amazonaws.com/gonativeio/app_files/qjkpzz/app_icon_ios_1710430546034.png",
    "iosDarkMode": "auto",
    "iosEnableBlurInStatusBar": false,
    "iosStatusBarStyle": "auto",
    "iosEnableOverlayInStatusBar": false,
    "iosStatusBarBackgroundColor": "#444083",
    "iosStatusBarBackgroundColorDark": "#444083",
    "androidStatusBarStyle": "auto",
    "androidEnableOverlayInStatusBar": false,
    "androidStatusBarBackgroundColor": "#444083",
    "androidStatusBarBackgroundColorDark": "#444083",
    "iosTintColor": "#444083",
    "iosTintColorDark": "#444083",
    "androidIcon": "https://s3.amazonaws.com/gonativeio/app_files/qjkpzz/app_icon_android_1710430553126.png",
    "androidSplashBackgroundColor": "#444083",
    "androidSplashBackgroundColorDark": "#444083",
    "androidTheme": "auto",
    "androidAccentColor": "#444083",
    "androidAccentColorDark": "#444083",
    "androidPullToRefreshColor": "#1A100B",
    "androidPullToRefreshColorDark": "#FFFFFF",
    "iosActivityIndicatorColor": "#808080",
    "iosActivityIndicatorColorDark": "#808080",
    "androidActivityIndicatorColor": "#808080",
    "androidActivityIndicatorColorDark": "#808080",
    "androidWebviewTextZoom": null,
    "hideWebviewAlpha": 0.5,
    "androidSwipeNavigationBackgroundColor": "#FFFFFF",
    "androidSwipeNavigationBackgroundColorDark": "#333333",
    "androidSwipeNavigationActiveColor": "#000000",
    "androidSwipeNavigationActiveColorDark": "#FFFFFF",
    "androidSwipeNavigationInactiveColor": "#666666",
    "androidSwipeNavigationInactiveColorDark": "#666666",
    "navigationTitleImageLocation": "assets/defaults/app-icon-placeholder.png",
    "navigationTitleImageLocationDark": "assets/defaults/app-icon-placeholder.png",
    "iosTitleColor": "#0E0D08",
    "iosTitleColorDark": "#ffffff",
    "iosNavigationBarTintColor": "#f8f8f8",
    "iosNavigationBarTintColorDark": "#202020",
    "androidActionBarBackgroundColor": "#FFFFFF",
    "androidActionBarBackgroundColorDark": "#333333",
    "androidHeaderImage": "assets/defaults/app-icon-placeholder.png",
    "androidHeaderImageDark": "assets/defaults/app-icon-placeholder.png",
    "androidActionBarForegroundColor": "#1A100B",
    "androidActionBarForegroundColorDark": "#FFFFFF",
    "iosSidebarBackgroundColor": "#f8f8f8",
    "iosSidebarBackgroundColorDark": "#202020",
    "iosSidebarFont": "Default",
    "iosHeaderImage": "https://s3.amazonaws.com/gonativeio/app_files/qjkpzz/app_icon_ios_1710430546034.png",
    "iosHeaderImageDark": "https://s3.amazonaws.com/gonativeio/app_files/qjkpzz/app_icon_ios_1710430546034.png",
    "iosSidebarTextColor": "#0E0D08",
    "iosSidebarTextColorDark": "#ffffff",
    "androidSidebarBackgroundColor": "#FFFFFF",
    "androidSidebarBackgroundColorDark": "#333333",
    "androidSidebarForegroundColor": "#1A100B",
    "androidSidebarForegroundColorDark": "#FFFFFF",
    "androidSidebarSeparatorColor": "#CCCCCC",
    "androidSidebarSeparatorColorDark": "#666666",
    "androidSidebarHighlightColor": "#1A100B",
    "androidSidebarHighlightColorDark": "#FFFFFF",
    "androidShowLogoInSideBar": true,
    "androidShowAppNameInSideBar": true,
    "androidTabBarBackgroundColor": "#FFFFFF",
    "androidTabBarBackgroundColorDark": "#333333",
    "androidTabBarTextColor": "#949494",
    "androidTabBarTextColorDark": "#FFFFFF",
    "androidTabBarIndicatorColor": "#1A100B",
    "androidTabBarIndicatorColorDark": "#666666",
    "iosTabBarTintColor": "#f8f8f8",
    "iosTabBarTintColorDark": "#000000",
    "androidShowSplash": true,
    "disableAnimations": false,
    "navigationTitleImage": false,
    "androidHideTitleInActionBar": false,
    "showNavigationBar": false,
    "showActionBar": false
  },
  "permissions": {
    "usesGeolocation": false,
    "iosLocationUsageDescription": "",
    "iosCameraUsageDescription": "",
    "iosMicrophoneUsageDescription": "",
    "enableWebRTCamera": false,
    "enableWebRTCMicrophone": false,
    "androidDownloadToPublicStorage": false,
    "iOSATTUserTrackingDescription": "",
    "iOSRequestATTConsentOnLoad": false,
    "iosBackgroundAudio": true
  },
  "developmentTools": {
    "enableWebConsoleLogs": false
  },
  "services": {
    "oneSignalV5": {
      "active": false
    }
  }
}